<?xml version="1.0" encoding="UTF-8"?>
<site>
   <description url="http://pydev.org/">PyDev</description>   
   
   <feature url="features/org.python.pydev.feature_0.0.0.qualifier.jar" id="org.python.pydev.feature" version="0.0.0">
      <category name="PyDev"/>
  </feature>

   <feature url="features/org.python.pydev.feature.source_0.0.0.qualifier.jar" id="org.python.pydev.feature.source" version="0.0.0">
      <category name="PyDev"/>
   </feature>

   <feature url="features/org.python.pydev.mylyn.feature_0.0.0.qualifier.jar" id="org.python.pydev.mylyn.feature" version="0.0.0">
      <category name="PyDev Mylyn Integration"/>
   </feature>   
   
   <category-def name="PyDev" label="PyDev">
      <description>PyDev</description>
   </category-def>   
   
   <category-def name="PyDev Mylyn Integration" label="PyDev Mylyn Integration (optional)">
      <description>Optional extensions to PyDev (requires mylyn)</description>
   </category-def>
   
</site>
