<?xml version="1.0" encoding="UTF-8"?>
<feature
      id="org.python.pydev.mylyn.feature"
      label="Pydev Mylyn Integration"
      version="0.6.0"
      provider-name="Fabio Zadrozny">

   <description>
      Integration of Mylyn with Pydev.
   </description>

   <copyright>
      (c) Fabio Zadrozny
   </copyright>

   <license url="http://www.opensource.org/licenses/eclipse-1.0.php">
      Eclipse Public License
   </license>

   <requires>
      <import plugin="org.python.pydev"/>
      <import plugin="org.eclipse.ui.ide"/>
      <import plugin="org.eclipse.core.runtime"/>
      <import plugin="org.eclipse.ui"/>
      <import plugin="org.eclipse.core.resources"/>
      <import plugin="org.eclipse.ui.navigator"/>
      <import plugin="org.eclipse.ui.views"/>
      <import plugin="org.eclipse.mylyn.context.core"/>
      <import plugin="org.eclipse.mylyn.context.ui"/>
      <import plugin="org.eclipse.mylyn.ide.ui"/>
      <import plugin="org.eclipse.mylyn.resources.ui"/>
   </requires>

   <plugin
         id="org.python.pydev.mylyn"
         download-size="0"
         install-size="0"
         version="0.6.0"
         unpack="false"/>

</feature>
