{"file_hashes":[{"block_hashes":["dEzzb24oBhCrOMfYMF5/4swe0PMXfHwgBORo7sRcjXA="],"block_size":4096,"path":"background.html"},{"block_hashes":["vcCGqGouMlcWvWYVi0bFEWPh+WPiGEvvgkkogzo1kvg="],"block_size":4096,"path":"copy.js"},{"block_hashes":["ultGL2KuJHtqpv2UGHRFTWLtGiMkzgT1KNMWnNvQHJg="],"block_size":4096,"path":"copyurl.png"},{"block_hashes":["3I6We7lAcEAJyFE37C7TYKJYmZ0RtX3sN+fxGJjZtrE="],"block_size":4096,"path":"favicon.png"},{"block_hashes":["8rai4oXNcvMjwiRzVV1/FIC1ERdT1v9lruxAjFD3Hbs="],"block_size":4096,"path":"goo.gl.js"},{"block_hashes":["Gj19qVWjX4TvwZ777KNJ3+eD7J2VKLRAv5culIcZ4m4="],"block_size":4096,"path":"googl.js"},{"block_hashes":["4Ai8C8ovpvm5wRP61zVRIwlhuuyIwGsgmX7FAXG7K2s="],"block_size":4096,"path":"indicator.white.gif"},{"block_hashes":["ZrsNRjc9s7y6Qj2WgoVKhidI0IpDxLdMCq7gqr/BYhg="],"block_size":4096,"path":"options.html"},{"block_hashes":["KGx6uRMNUBAJJeuZU8CZ/om3JnyTyrCo9Zmq+uQvibc="],"block_size":4096,"path":"popup.html"}],"version":2}